equipos,costo
0.56374373,0.988528073
0.335031975,0.388633093
0.743604753,0.546497
0.501040146,0.54214698
0.881031148,0.643332271
0.398467538,0.488324324
0.296927236,0.96166604
0.978660844,0.505813288
0.499499785,0.586776921
0.40754067,0.223150123
0.792299912,0.370711749
0.653642881,0.135697048
0.722645543,0.044809596
0.535429066,0.698152989
0.896344032,0.094882176
0.111732695,0.592631187
0.477983986,0.921726176
0.72855516,0.75674939
0.969340097,0.644025569
0.05596314,0.995348071
